เป็นไงบ้างสบายดีไหม,pos
เป็นไง,pos
สวัสดี,pos
ดี,pos
ดีอยู่,pos
ได้อยู่,pos
ขอบคุณ,pos
สู้เสมอ,pos
ผ่าน,pos
โคตรสนุก,pos
สุดยอด,pos
น่ารัก,pos
ขอบคุณทุก,pos
คงคิดถึง,pos
เก็บเวลาที่ดีให้เราได้จดจำ,pos
ทำข้อสอบให้ได้,pos
สู้,pos
รอยยิ้มในความทรงจำ,pos
ทุกนี้ฉันคิดถึง,pos
ความทรงจำที่ดีเหลือเกิน,pos
รักมาก คิดถึงมาก,pos
ดีใจ,pos
รัก,pos
ห่วง,pos
รักแฟนขี้บ่นจัง,pos
ขอบคุณผู้ใจดี,pos
มิตรภาพดี,pos
ที่รัก,pos
ชอบจัง,pos
ความทรงจำที่ยังสวยงาม,pos
ช่วงเวลาที่รู้จักถึงจะไม่นานแต่คือช่วงที่ดีที่สุด,pos
เปลี่ยนไปรัก รักจนหมดหัวใจ,pos
ดีใจด้วย,pos
ปลอดภัย,pos
ใจเย็น,pos
ดูแลตัวเองด้วย,pos
ขอบคุณมิตรภาพดี เพื่อนที่ดี,pos
โอกาศดี แบบนี้ห้ามพลาด,pos
ขอบคุณ,pos
ง่าย,pos
มองโลกในแง่ดี,pos
ไม่ต้องกลัว,pos
คุณโชคดีกว่าหลายมาก,pos
อดทนต่อไป,pos
ชอบใครก็ชวนมาลองชิมที่คุณทำ,pos
ดูแลตัวเองก็มั่นใจในตัวเองมากขึ้นยิ้มบ่อย,pos
คบนาน สนิทมาก เดี๋ยวก็หาย,pos
ใช้ความรักพลัง,pos
ไม่ขี้งอนไม่น้อยใจใครแม้แต่เพื่อนสนิท,pos
รักตัวเองให้มาก,pos
ไม่ต้องคิดมาก,pos
กำลังใจให้,pos
พรุ่งนี้ต้องดีกว่านี้,pos
ความมิตร  จริงใจ  ทำดีต่อ,pos
ขอบใจมาก,pos
โคตรหล่อ,pos
หยุดยิ้มไม่ได้,pos
อารมณ์ดีเพราะความสุข,pos
ทั้งคู่เหมาะสมมาก,pos
สวยงามมาก,pos
สิ่งที่รู้สึกอยากเห็นมาก,pos
เค้าดี,pos
บรรยากาศอบอุ่นดีมาก,pos
ชอบจัง,pos
ขำตลกจริง,pos
ทำไมน่ารักขนาดนี้,pos
น่ารักมาก อบอุ่น,pos
เดินทางปลอดภัย,pos
อบอุ่นจัง,pos
โคตรฮาหัวเราะอร่อยมาก,pos
ชอบ,pos
ไม่เดือดร้อน,pos
ทำไมน่าร๊าก,pos
นี่ถือเป็นตัวอย่างที่ดี,pos
อวยพร,pos
โชคดี,pos
อย่าได้ไปหวังอะไรลม แล้ง,pos
ความหวังในอนาคต,pos
เขียนได้ดีอ่านเพลินมาก,pos
อย่าปล่อยให้อดีตทำร้ายปัจจุบัน,pos
ขอให้มีความสุข,pos
ความรู้สึกที่ยังเหมือนเดิม,pos
ให้โอกาส,pos
ความสุข,pos
ประโยชน์,pos
รัก,pos
ดีที่สุด,pos
ดีใจมีความสุข,pos
ยังไม่ลืม,pos
ชอบที่เธอแกล้งเราแอบไปยิ้ม,pos
กินของอร่อยมีความสุข,pos
สาธุ,pos
เอาเงินมาบริจาค,pos
ความพยายามอยู่ที่ไหนความสำเร็จอยู่ที่นั้น,pos
สวยรวยเก่ง,pos
น่าอยู่น่าเที่ยว,pos
ข้อดี,pos
สะดวกง่ายเข้าใจเร็วนึกออกง่าย,pos
ไม่เสียใจ,pos
การค้นพบที่น่าตื่นเต้นที่สุด,pos
สบายใจ,pos
ชัดเจน,pos
ยังรอดชีวิต,pos
ถ่ายทำได้ดีมากมุมสวย,pos
จังหวะดีฝีมือเทพน่านับถือ,pos
นี้ฟ้าโปร่งสดใส,pos
เห็นชัดเจน,pos
ทัศนียภาพตื่นตาตื่นใจ,pos
เพลิดเพลินทิวทัศน์,pos
น่าสนดีเหมือนแปลกใหม่น่าท้าลอง,pos
กำลังกลับมา,pos
สุขสันต์วันเกิด,pos
สวัสดีปีใหม่,pos
รัก,pos
วิเศษรอยยิ้มสายตาอบอุ่น,pos
ขอบคุณทุกครั้งที่คอยปลอบฉัน,pos
ชัดเจนแค่เห็นก็ชื่นใจ,pos
ตื่นเต้น,pos
น่ารักที่สุด,pos
เข้าใจตรง,pos
ความทรงจำดี,pos
คิดถึงเหมือนกัน,pos
ดวงดี,pos
ให้โอกาสแก้ตัว,pos
สอบได้,pos
สอบติด,pos
เย้ดีใจด้วย,pos
อดทนไว้,pos
สิ่งดีงามควรรักษา,pos
ความสุขง่ายขึ้นอยู่ที่ใจ,pos
อย่าทิ้งเค้า,pos
สำคัญ,pos
เข้มแข็งเข้าไว้สู้,pos
เห็นด้วย,pos
พูดดี,pos
แคร์ตัวเอง,pos
บินไปให้ถึงฝัน,pos
การทำความดี,pos
ชนะใจด้วยการกระทำ,pos
ความสมบูรณ์แบบ,pos
ความสุขในความคิด,pos
ชื่นชมทำได้ดีมาก,pos
ปังมาก,pos
ชอบช่วยเหลือผู้อื่น,pos
มิตรภาพที่ดีที่สุด,pos
เชื่อมั่นคุณธรรมความดี,pos
หอมน่ากิน,pos
อยากรัก,pos
น่าเรียนจัง,pos
น่ากินน่าอร่อย,pos
ยินดีที่ได้รู้จัก,pos
ใส่บาตรทำบุญ,pos
นี้ที่ดี,pos
สู้ต่อไปสู้ต่อ,pos
แคร์ความรู้สึก,pos
เราโอเค,pos
ผูกพัน,pos
มากอดมา,pos
สนใจ,pos
กำลังใจ,pos
สำคัญสุด,pos
ไม่มีวันไหนไม่คิดถึง,pos
อยากรู้จักจัง,pos
ยกความดีความชอบให้,pos
ช่วงที่ดีที่สุด,pos
ไทยไม่ทิ้งเร่งช่วยเหลือ,pos
เหลือเชื่อมาก,pos
น่าตื่นเต้นและยิ่งใหญ่มาก,pos
เจ๋งไป,pos
ทำทุกอย่างเพื่อปกป้องโลก,pos
อดใจรอไม่ไหว,pos
พอใจในการทำงาน,pos
ภาคภูมิใจ,pos
ศรัทธา,pos
เจริญเติบโตอย่างแข็งแกร่งและสวยงาม,pos
ตอบแทนความหวังดีด้วยการตั้งใจเรียนตั้งใจทำงาน,pos
อยากกลับไปรื้อฟื้นความทรงจำดี,pos
พยายามสุดความสามารถ,pos
จะสู้จนกว่าจะชนะ,pos
สนุกมาก,pos
สนุกสนาน,pos
ขอบคุณที่รัก,pos
อย่ายอมแพ้,pos
ถึงเส้นชัย,pos
ชัยชนะเป็นสิ่งที่คุ้มค่า,pos
ศรัทธาไม่ท้อ,pos
อร่อยที่สุดในโลก,pos
จุดมุ่งหมายอันทะเยอทะยาน,pos
เซอร์ไพรส์,pos
จะไม่ลืมความดีนี้,pos
มาเชียร์เพื่อน,pos
ดีที่สุด,pos
ขอกำลังใจหน่อย,pos
ทุกพูดความจริง,pos
เธอน่ารักจังทำให้ใจเซ,pos
มีข่าวดีมาบอก,pos
เธอเรียบร้อย,pos
ชอบจิตใจดีและขยันมากกว่า,pos
น้ำใจนักกีฬา,pos
ปลอดภัยไว้ก่อนป้องกันไว้,pos
เข้าใจง่ายสะดวกรวดเร็ว,pos
คุณค่าที่คู่ควร,pos
น่ารักอ่ะอยากเดินจับมือไปจนแก่,pos
ว้อนอยากได้,pos
ไม่อดตาย,pos
อยู่ไหนก็รักเหมือนเดิม,pos
ขอกอดหน่อย,pos
ดีเนาะ,pos
ฝันดี,pos
ของอร่อยน่ากิน,pos
เห็นด้วย,pos
ดีต่อใจ,pos
ประหยัด,pos
เชียร์,pos
สดใส,pos
เก่งขึ้นมาก,pos
ขอบคุณที่ติดตาม,pos
ฝีมือพัฒนาเร็วมาก,pos
คำพูดหวานหวาน,pos
หวานน่ากิน,pos
จีบ,pos
คบไหม,pos
แอบรัก,pos
คาดหวัง,pos
เขิน,pos
เพื่อนรัก,pos
ได้ฉันก็ได้,pos
ฝึกฝนจนเก่ง,pos
ชอบความรู้สึกแบบนี้น่ะ,pos
ตั้งเเต่เราคุยเหมือนเราเจอมากขึ้น,pos
ให้นึกถึง,pos
เชื่อมั่นในตนเอง,pos
แรงบันดาลใจให้ใฝ่เรียน,pos
ห่วงเสมอ,pos
ได้ฟังเพลงที่ชอบ,pos
ถึงแพ้ก็จะไม่ยอมถอย,pos
ลาก่อนเดี๋ยวได้เจออีก,pos
สู้ไม่ถอย,pos
จุดหมายไม่ไกลเกินจริง,pos
ตามทัน,pos
มั่นคง,pos
สุขใจขอบคุณเวลา,pos
คุยได้,pos
ความรู้สึกไว้เติมใจ,pos
ขอบใจ,pos
ขายดี,pos
ไว้เจออีกทีในเวลาที่เหมาะสม,pos
รักอยู่เคียงข้างเสมอ,pos
แฮปปี้ความสุขรักเสมอ,pos
ชมว่าสวยขึ้นน่ารักขึ้น,pos
ของน่ารัก,pos
บรรยากาศดีสีสัน,pos
ของโปรด,pos
สวรรค์,pos
เพราะจัง,pos
เพลงไพเราะมาก,pos
พรวิเศษ,pos
เรื่องน่ายินดีใจมาก,pos
กล้าหาญ,pos
การันตี,pos
อนุมัติ,pos
ตัดสินใจได้เด็ดขาด,pos
ตัดสินคดีอย่างยุติธรรม,pos
อนุญาตให้เข้ามาได้,pos
รักษ์โลกรักษ์สิ่งแวดล้อม,pos
ง่ายที่ใครก็ทำได้,pos
ออกกำลังกาย,pos
โอ๋ไม่เสียใจนะ,pos
สร้างสันติภาพ,pos
จงนับถือตัวเองให้มากพอที่จะรู้ว่าคู่ควรสิ่งที่ดีที่สุด,pos
ความท้าทายสิ่งที่ทำให้ชีวิตน่าสนใจแต่การเอาชนะให้ได้สิ่งที่ทำให้ชีวิตความหมาย,pos
อนาคตของขึ้นอยู่สิ่งที่ทำในนี้ไม่ใช่พรุ่งนี้,pos
อย่าเพิ่งยอมแพ้จุดเริ่มต้นนั้นมักจะยากที่สุดเสมอ,pos
สิ่งเดียวที่แน่นอนที่สุดในชีวิตคือความเปลี่ยนแปลง,pos
ความรักความสงบสุข,pos
ความปรารถนาอันร้อนแรงชัยชนะความสำเร็จ,pos
จงแน่วแน่ในการตัดสินใจแต่ให้ยืดหยุ่นการลงมือทำ,pos
ความมั่นใจมาจากการไม่กลัวที่จะทำอะไรผิด,pos
วิธีให้กำลังใจตัวเองที่ดีที่สุดคือการให้กำลังใจอื่น,pos
ก็ได้ค้นพบตัวเอง,pos
สิ่งนี้เกิดขึ้นจากแรงบันดาลใจ,pos
ไตร่ตรองและมองด้านบวกเข้าไว้ ,pos
การเริ่มต้นทำสิ่งเดิมอีกครั้งอย่างชาญฉลาดกว่าเดิม,pos
ฮาขำ,pos
ราตรีสวัสดิ์,pos
กล้าคิดกล้าทำ,pos
ทำความดี,pos
เธอคือทุกอย่างในชีวิต,pos
สดชื่นอากาศดีนี้,pos
อีกไม่นานเกินรอทุกอย่างจะดีขึ้น,pos
สัญญาว่าจะรักเธอคนเดียว,pos
แน่ใจว่าทำได้แน่นอน,pos
สอบผ่าน,pos
รักเสมอ,pos
ของขวัญที่มีค่า,pos
สมหวังทุกประการ,pos
อยากให้เธออยู่เคียงข้างฉันอย่างนี้ทุกคืนอย่างนี้ตลอดไป,pos
พร้อมที่จะเผชิญความจริง,pos
รูปนี้รู้สึกอบอุ่น,pos
อย่างน้อยสนใจ,pos
ยิ้ม,pos
กำลังใจ,pos
ฝัน,pos
แรงใจ,pos
ดวงใจลุกโชนความหวัง,pos
แสงสว่างส่องใจ,pos
ทำจิตให้สงบจะพบทางออก,pos
ความพร้อมอยู่ที่เรา,pos
ลงมือทำอย่างต่อเนื่องเท่านั้นเอง,pos
ต้องเชื่อในศักยาภาพของคุณและความพยายาม,pos
นี่คือสิ่งล้ำค่า,pos
ห่วงใย,pos
สันติภาพสิ่งที่คาดหวัง,pos
หยิบยื่นโอกาส,pos
สานต่อความฝันให้เป็นจริง,pos
ไม่ต้องกังวลใจ,pos
มองโลกในแง่ดี,pos
ทำได้ดีกว่านี้อีก,pos
อยากให้อ่านจะได้เพิ่มกำลังใจให้มากขึ้น,pos
อดทนรอฟ้าใส,pos
เจอที่ใช่และพร้อมฝ่าฟันทุกอย่างไปเรา,pos
พบมุมมองดี,pos
ที่ปรึกษาที่ดี,pos
ผ่านสัมภาษณ์,pos
ปรับปรุง,pos
ที่ยึดเหนี่ยวทางใจ,pos
ทัศนคติที่ดี,pos
แนวทางแก้ปัญหา,pos
มองโลกกว้าง,pos
ศักดิ์ศรี,pos
ไม่เลือนหาย,pos
รวมใจรวมพลัง,pos
คุณภาพดี,pos
ขอให้สมปราถนาที่ตั้งใจไว้ด้วย,pos
ยิ้มรอดีกว่า,pos
ประพฤติดี,pos
เอง,pos
ให้ข้อคิดดี,pos
บุญกุศล,pos
รักเสมือนพี่น้อง,pos
ชนะเลิศ,pos
ได้รางวัลเหรียญทอง,pos
ให้อภัย,pos
รักษาโรค,pos
เข้าใจดี,pos
ทำให้ดีกว่าเดิม,pos
เบิกบาน,pos
เชิดชู,pos
เชิดหน้าชูตา,pos
สามัคคีหนึ่งเดียว,pos
เกียรติยศ,pos
การกุศล,pos
คึกครื้น,pos
เตรียมตัวให้พร้อม,pos
คุ้มค่า,pos
สุภาพเรียบร้อย,pos
ขัดขืนต่อสู้เพื่อป้องกันตัวเอง,pos
ประทับใจ,pos
สาระประโยชน์,pos
กลับตัวกลับใจดี,pos
ได้กำไร,pos
คลี่คลาย,pos
โล่งใจ,pos
รวดเร็วทันใจ,pos
ใจเย็น,pos
ตอกย้ำความทรงจำดี,pos
หวานใจ,pos
เมตตาปราณี,pos
พัฒนาตนเองสม่ำเสมอด้วยความไม่ย่อท้อ,pos
สานฝันให้จริง,pos
อาสา,pos
อยากกอด,pos
เตือนสติ,pos
สันติสุข,pos
สำนึก,pos
เลือกตามใจ,pos
โครตน่ารัก,pos
มหัศจรรย์,pos
สิ่งพิเศษ,pos
วิเศษ,pos
ผ่อนคลาย,pos
ยอมรับ,pos
เจริญรุ่งเรือง,pos
เสียสละ,pos
ไถ่โทษ,pos
ไถ่บาป,pos
อบอวล,pos
สะอาด,pos
เอาใจใส่,pos
ภาวนา,pos
เกียรติคุณ,pos
ด้านบวก,pos
ปลื้มดีใจ,pos
คึกคัก,pos
เจตนาดี,pos
จิตแจ่มใส,pos
เปรี้ยงปร้าง,pos
ฮิต,pos
ที่นิยม,pos
ปลอบใจ,pos
ปรองดอง,pos
ไมตรี,pos
มารยาท,pos
รอบคอบ,pos
บริสุทธิ์ใจ,pos
เคารพนับถือ,pos
วุฒิภาวะ,pos
สุขุม,pos
ฟื้นฟู,pos
ล้ำสมัย,pos
ดีที่สุด,pos
ทันเวลาพอดี,pos
สุจริต,pos
น่าเชื่อถือ,pos
เท่ห์,pos
ไว้วางใจ,pos
เสน่ห์,pos
ทรงพลัง,pos
ฮัก,pos
ทุ่มเท,pos
ภักดี,pos
งอกงาม,pos
คุ้มครอง,pos
พึ่งพา,pos
พึ่งพิง,pos
ยิ้มแย้ง,pos
ประเสริฐ,pos
คลี่คลาย,pos
เที่ยงธรรม,pos
ชดเชย,pos
เอื้อเฟื้อเผื่อแผ่,pos
เยียวยา,pos
คล่องตัว,pos
คล่องแคล่ว,pos
อุทิศ,pos
เอ็นดู,pos
เพียงพอ,pos
เพลิดเพลิน,pos
ถูกใจ,pos
ไลค์,pos
อลังการ,pos
ว้าย,pos
สบายดี,pos
เธอเป็นรอยยิ้มสำหรับเรานะ,pos
ยิ้มเยอะๆนะคนเก่ง,pos
เรามั่นใจว่าเธอทำได้,pos
เชื่อในสัญชาติญาณของตัวเองนะ,pos
เธอเข้มแข็งมากนะ,pos
เธอทำมันได้นะ,pos
เธอทำมันได้ดีมาก,pos
เธอแตกต่างจากคนอื่นนะ,pos
เธอเก่งมากที่สามารถควบคุมตัวเองได้,pos
เธอเป็นเพื่อนที่ดีนะ,pos
เธอใจดีมาก,pos
เธอไม่ต้องกังวลกับคำพูดของคนอื่นนะ,pos
ทุกคนไม่ได้สมบูรณ์แบบ ,pos
เธอบอกเราได้นะถ้าเธอต้องการความช่วยเหลือ,pos
เธอเริ่มโตเป็นผู้ใหญ่แล้วนะ,pos
เราเชื่อมั่นในตัวเธอนะ,pos
เธอมีค่ากับเรามากนะ,pos
เธอกำลังเรียนรู้สิ่งใหม่ๆอยู่นะ,pos
เธอสวย/หล่อที่สุดสำหรับเรานะ,pos
อย่าลืมคิดก่อนที่จะพูดนะ,pos
เธอสำคัญกับเรามากนะ,pos
เธออย่าคิดแบบนั้นเลย,pos
เราช่วยกันแก้ปัญหาได้นะ เราจะอยู่ข้างๆเธอเอง,pos
เราเห็นเธอลงมือทำและเรียนรู้อยู่ทุกวันนะ,pos
เราจะคอยดูเธอเติบโตนะ,pos
เธอทำให้ชีวิตเราดีขึ้นนะ,pos
สิ่งที่เธอคิดมันน่าสนใจมาก,pos
เธอทำให้เรามีมุมมองใหม่ๆนะ,pos
เราตื่นเต้นทุกครั้งที่เธอลงมือทำสิ่งใหม่ๆนะ,pos
ขอบคุณนะ เธอช่วยเหลือเราตลอดเลย,pos
เราพร้อมจะอยู่เคียงข้างเธอเสมอนะ,pos
เรามีความสุขทุกครั้งที่ได้คุยกับเธอนะ,pos
เราพร้อมรับฟังเธอเสมอนะ,pos
ดีใจนะที่ตอนนี้เธออยู่กับเรา,pos
เราฟังเธออยู่นะ,pos
เราภูมิใจในตัวเธอ,pos
วันนี้ฉันมีความสุขมาก,pos
ขอบคุณที่อยู่ข้างๆกันนะ,pos
ชีวิตฉันมีความสุขมาก,pos
ฉันจะต้องทำให้ได้,pos
เรารู้เธอไม่ได้อยากทำแบบนั้นหรอก,pos
ถ้าเชื่อว่าไม่แพ้เราก็จะไม่แพ้,pos
อุปสรรคคือแบบทดสอบของชีวิตนะ,pos
สิ่งร้ายๆจะมาพร้อมกับสิ่งดีๆเสมอ,pos
เชื่อมั่นในความสามารถของคุณนะ,pos
ปัญหาทุกอย่างจะผ่านไปได้ด้วยดี,pos
ความสุขในชีวิตจะขึ้นอยู่กับความคิดของคุณนะ,pos
จงมีความสุขกับสิ่งเล็กๆน้อยๆนะ,pos
เชื่อมั่นในตัวเองไว้นะแล้วจะไม่มีใครสามารถหยุดยั้งเธอได้,pos
ใช้ชีวิตให้เต็มที่เลยนะ,pos
เธอสามารถทำได้ทุกอย่างที่เธอต้องการเลยนะ,pos
ชีวิตคือการเรียนรู้,pos
ใช้ชีวิตตามที่ฝันไว้นะ,pos
เธอเก่งมากที่ก้าวผ่านทุกเรื่องมาได้,pos
จงขอบคุณทุกสิ่งที่เกิดขึ้นกับตัวเธอนะคนเก่ง,pos
ไม่มีใครสมบูรณืแบบหรอกนะ ทุกคนสามารถเรียนรู้สิ่งใหม่ๆได้เสมอ,pos
คิดบวกไว้นะ,pos
พ่อกับแม่รักลูกนะ,pos
หนูเก่งมากเลย,pos
สู้ๆนะพ่อแม่เป็นกำลังใจให้เสมอ,pos
ไม่เป็นไร เรามาพยายามกันใหม่นะ,pos
พ่อกับแม่ภูมิใจในตัวลูกมากนะ,pos
พ่อกับแม่เชื่อมั่นว่าลูกต้องทำได้,pos
ลูกทำได้ดีมาก,pos
พ่อกับแม่รู้ว่าหนูทำดีที่สุดแล้วนะ,pos
เป็นไรไหม,pos